"Brand","Optus Model Name","Telstra Model Name","Model Info","Year","Chipset","TAC","Optus Status","Telstra Status","Vodafone Status"
"ONEPLUS","ONEPLUS NORD CE 3 LITE 5G","OnePlus CPH2723","OnePlus 13s?","2025","","86067707","Device is NOT Blocked","TAC Not blocked","Unknown"
"ONEPLUS","ONEPLUS 13R","OnePlus CPH2691","1+ CPH2691","2025","QC SD 8 Gen 3","86779507","Device is NOT Blocked","TAC Not blocked","Unknown"
"ONEPLUS","ONEPLUS 13R","OnePlus CPH2691","1+ CPH2691","2025","QC SD 8 Gen 3","86747807","Device is NOT Blocked","TAC Not blocked","Unknown"
"ONEPLUS","ONEPLUS 13R","OnePlus CPH2647","1+ CPH2647","2025","QC SD 8 Gen 3","86618907","Device is NOT Blocked","TAC Not blocked","Unknown"
"ONEPLUS","ONEPLUS 13R","OnePlus CPH2645","1+ CPH2645","2025","QC SD 8 Gen 3","86277907","Device is NOT Blocked","TAC Not blocked","Unknown"
"ONEPLUS","1+ PLF110","Oppo PLF110","OnePlus Ace 5 Racing","2025","","86963307","Device is NOT Blocked","TAC Not blocked","Unknown"
"ONEPLUS","1+ PLC110","Oppo PLC110","OnePlus Ace 5 Ultra","2025","","86560607","Device is NOT Blocked","TAC Not blocked","Unknown"
"ONEPLUS","1+ PLC110","Oppo PLC110","OnePlus Ace 5 Ultra","2025","","86518407","Device is NOT Blocked","TAC Not blocked","Unknown"
"ONEPLUS","1+ PKX110","Oppo PKX110","OnePlus 13T","2025","","86838607","Device is NOT Blocked","TAC Not blocked","Unknown"
"ONEPLUS","1+ PKX110","Oppo PKX110","OnePlus 13T","2025","","86046607","Device is NOT Blocked","TAC Not blocked","Unknown"
"ONEPLUS","1+ OPWW234","Oppo OPWW234","OnePlus Watch 3","2025","QC SD W5 Gen 1","86694707","Reduced Coverage","Not Phone","Unknown"
"ONEPLUS","1+ CPH2719","OnePlus CPH2719","OnePlus Nord CE 5?","2025","","86651007","Device is NOT Blocked","TAC Not blocked","Unknown"
"ONEPLUS","1+ CPH2717","OnePlus CPH2717","OnePlus Nord CE 5?","2025","","86527507","Device is NOT Blocked","TAC Not blocked","Unknown"
"ONEPLUS","ONEPLUS NORD N30 SE","OnePlus CPH2605","","2024","MT D 6020","86724707","Reduced Coverage","Not Blocked","Unknown"
"ONEPLUS","ONEPLUS NORD N30 SE","OnePlus CPH2605","","2024","MT D 6020","86353306","Device is NOT Blocked","TAC Not blocked","Unknown"
"ONEPLUS","ONEPLUS NORD N30 SE","OnePlus CPH2605","","2024","MT D 6020","86015406","Reduced Coverage","Not Blocked","Unknown"
"ONEPLUS","ONEPLUS NORD CE4 LITE 5G","OnePlus CPH2619","","2024","QC SD 695","86852807","Device is NOT Blocked","TAC Not blocked","Unknown"
"ONEPLUS","ONEPLUS NORD CE4 LITE 5G","OnePlus CPH2619","","2024","QC SD 695","86843407","Device is NOT Blocked","TAC Not blocked","Unknown"
"ONEPLUS","ONEPLUS NORD CE4 LITE 5G","OnePlus CPH2621","","2024","QC SD 695","86779007","Device is NOT Blocked","Not Blocked","Unknown"
"ONEPLUS","ONEPLUS NORD CE4 LITE 5G","OnePlus CPH2619","","2024","QC SD 695","86590907","Device is NOT Blocked","TAC Not blocked","Unknown"
"ONEPLUS","ONEPLUS NORD CE4 LITE 5G","OnePlus CPH2619","","2024","QC SD 695","86560107","Device is Blocked","Not Blocked","Unknown"
"ONEPLUS","ONEPLUS NORD CE4 LITE 5G","OnePlus CPH2619","","2024","QC SD 695","86175907","Device is NOT Blocked","Not Blocked","Unknown"
"ONEPLUS","ONEPLUS NORD CE4","OnePlus CPH2613","","2024","QC SD 7 Gen 3","86729607","Device is Blocked","Not Blocked","Unknown"
"ONEPLUS","ONEPLUS NORD CE4","OnePlus CPH2613","","2024","QC SD 7 Gen 3","86711307","Device is NOT Blocked","Not Blocked","Not Blocked - AMTA"
"ONEPLUS","ONEPLUS NORD CE4","OnePlus CPH2613","","2024","QC SD 7 Gen 3","86127907","Device is NOT Blocked","TAC Not blocked","Unknown"
"ONEPLUS","ONEPLUS NORD CE4","OnePlus CPH2613","","2024","QC SD 7 Gen 3","86083507","Device is NOT Blocked","TAC Not blocked","Unknown"
"ONEPLUS","ONEPLUS NORD 4","OnePlus CPH2661","India Model","2024","QC SD 7+ Gen 3","86466607","Device is NOT Blocked","TAC Not blocked","Unknown"
"ONEPLUS","ONEPLUS NORD 4","OnePlus CPH2661","India Model","2024","QC SD 7+ Gen 3","86391807","Device is NOT Blocked","TAC Not blocked","Unknown"
"ONEPLUS","ONEPLUS NORD 4","OnePlus CPH2663","International","2024","QC SD 7+ Gen 3","86346607","Device is NOT Blocked","TAC Not blocked","Unknown"
"ONEPLUS","ONEPLUS NORD 4","OnePlus CPH2661","India Model","2024","QC SD 7+ Gen 3","86330707","Device is NOT Blocked","TAC Not blocked","Unknown"
"ONEPLUS","ONEPLUS NORD 4","OnePlus CPH2661","India Model","2024","QC SD 7+ Gen 3","86224307","Device is Blocked","Not Blocked","Unknown"
"ONEPLUS","ONEPLUS NORD 4","OnePlus CPH2663","International","2024","QC SD 7+ Gen 3","86023007","Device is Blocked","Not Blocked","Not Blocked - User"
"ONEPLUS","ONEPLUS ACE 5 PRO","Oppo PKR110","OnePlus Ace 5 Pro","2024","","86670107","Device is NOT Blocked","TAC Not blocked","Unknown"
"ONEPLUS","ONEPLUS ACE 5 PRO","Oppo PKR110","OnePlus Ace 5 Pro","2024","","86282107","Device is NOT Blocked","TAC Not blocked","Unknown"
"ONEPLUS","ONEPLUS ACE 5","Oppo PKG110","OnePlus Ace 5","2024","","86504907","Device is NOT Blocked","TAC Not blocked","Unknown"
"ONEPLUS","ONEPLUS ACE 5","Oppo PKG110","OnePlus Ace 5","2024","","86067607","Device is NOT Blocked","TAC Not blocked","Unknown"
"ONEPLUS","ONEPLUS ACE 3V","Oppo PJF110","China Model","2024","QC SD 7+ Gen 3","86752107","Device is Blocked","Not Blocked","Unknown"
"ONEPLUS","ONEPLUS ACE 3V","Oppo PJF110","China Model","2024","QC SD 7+ Gen 3","86226407","Device is Blocked","TAC Not blocked","Unknown"
"ONEPLUS","ONEPLUS ACE 3V","Oppo PJF110","China Model","2024","QC SD 7+ Gen 3","86072407","Device is NOT Blocked","TAC Not blocked","Unknown"
"ONEPLUS","ONEPLUS ACE 3 PRO","Oppo PJX110","China Model","2024","QC SD 8 Gen 3","86962907","Device is NOT Blocked","Not Blocked","Unknown"
"ONEPLUS","ONEPLUS ACE 3 PRO","Oppo PJX110","China Model","2024","QC SD 8 Gen 3","86668407","Device is NOT Blocked","Not Blocked","Unknown"
"ONEPLUS","ONEPLUS ACE 3 PRO","Oppo PJX110","China Model","2024","QC SD 8 Gen 3","86455407","Device is NOT Blocked","TAC Not blocked","Unknown"
"ONEPLUS","ONEPLUS ACE 3","Oppo PJE110","China Model (12R)","2024","QC SD 8 Gen 2","86876307","Device is Blocked","Not Blocked","Unknown"
"ONEPLUS","ONEPLUS ACE 3","Oppo PJE110","China Model (12R)","2024","QC SD 8 Gen 2","86561806","Device is NOT Blocked","Not Blocked","Not Blocked - AMTA"
"ONEPLUS","ONEPLUS ACE 3","Oppo PJE110","China Model (12R)","2024","QC SD 8 Gen 2","86388206","Device is NOT Blocked","Not Blocked","Not Blocked - AMTA"
"ONEPLUS","ONEPLUS ACE 3","Oppo PJE110","China Model (12R)","2024","QC SD 8 Gen 2","86157907","Device is NOT Blocked","Not Blocked","Unknown"
"ONEPLUS","ONEPLUS ACE 3","Oppo PJE110","China Model (12R)","2024","QC SD 8 Gen 2","86132507","Device is NOT Blocked","Not Blocked","Not Blocked - AMTA"
"ONEPLUS","ONEPLUS ACE 3","Oppo PJE110","China Model (12R)","2024","QC SD 8 Gen 2","86111907","Device is NOT Blocked","TAC Not blocked","Unknown"
"ONEPLUS","ONEPLUS 13","N/A","","2024","QC SD 8 Elite","86594307","Device is NOT Blocked","Not Found","Unknown"
"ONEPLUS","ONEPLUS 13","Oppo PJZ110","China Model","2024","QC SD 8 Elite","86964707","Device is NOT Blocked","TAC Not blocked","Unknown"
"ONEPLUS","ONEPLUS 13","OnePlus CPH2653","International","2024","QC SD 8 Elite","86356807","Device is NOT Blocked","TAC Not blocked","Unknown"
"ONEPLUS","ONEPLUS 13","OnePlus CPH2653","International","2024","QC SD 8 Elite","86262907","Device is NOT Blocked","TAC Not blocked","Unknown"
"ONEPLUS","ONEPLUS 13","Oppo PJZ110","China Model","2024","QC SD 8 Elite","86011007","Device is NOT Blocked","TAC Not blocked","Unknown"
"ONEPLUS","ONEPLUS 13","OnePlus CPH2649","OnePlus 13","2024","QC SD 8 Elite","86955607","Device is NOT Blocked","TAC Not blocked","Unknown"
"ONEPLUS","ONEPLUS 13","OnePlus CPH2649","OnePlus 13","2024","QC SD 8 Elite","86665107","Device is NOT Blocked","TAC Not blocked","Unknown"
"ONEPLUS","ONEPLUS 12R 5G","OnePlus CPH2609","Global","2024","QC SD 8 Gen 2","86549806","Device is NOT Blocked","Not Blocked","Not Blocked - AMTA"
"ONEPLUS","ONEPLUS 12R","OnePlus CPH2585","India Model","2024","QC SD 8 Gen 2","86937607","Device is Blocked","Not Blocked","Unknown"
"ONEPLUS","ONEPLUS 12R","OnePlus CPH2611","US Model","2024","QC SD 8 Gen 2","86913506","Device is Blocked","Not Blocked","Unknown"
"ONEPLUS","ONEPLUS 12R","OnePlus CPH2585","India Model","2024","QC SD 8 Gen 2","86095706","Device is NOT Blocked","Not Blocked","Not Blocked - AMTA"
"ONEPLUS","ONEPLUS 12","Oppo PJD110","China Model","2024","QC SD 8 Gen 3","86789206","Device is NOT Blocked","Not Blocked","Not Blocked - AMTA"
"ONEPLUS","ONEPLUS 12","OnePlus CPH2573","India Model","2024","QC SD 8 Gen 3","86714206","Device is NOT Blocked","Not Blocked","Not Blocked - AMTA"
"ONEPLUS","ONEPLUS 12","Oppo PJD110","China Model","2024","QC SD 8 Gen 3","86664007","Device is NOT Blocked","TAC Not blocked","Unknown"
"ONEPLUS","ONEPLUS 12","Oppo PJD110","China Model","2024","QC SD 8 Gen 3","86603106","Device is NOT Blocked","Not Blocked","Not Blocked - AMTA"
"ONEPLUS","ONEPLUS 12","Oppo PJD110","China Model","2024","QC SD 8 Gen 3","86581707","Device is NOT Blocked","TAC Not blocked","Unknown"
"ONEPLUS","ONEPLUS 12","OnePlus CPH2583","US Model","2024","QC SD 8 Gen 3","86515406","Device is NOT Blocked","Not Blocked","Not Blocked - AMTA"
"ONEPLUS","ONEPLUS 12","OnePlus CPH2581","International","2024","QC SD 8 Gen 3","86154506","Device is NOT Blocked","Not Blocked","Not Blocked - AMTA"
"ONEPLUS","ONEPLUS PAD GO","OnePlus OPD2304","","2023","MT H G99","86504806","Device is NOT Blocked","Not Phone","Unknown"
"ONEPLUS","ONEPLUS OPEN","OnePlus CPH2551","","2023","QC SD 8 Gen 2","86814706","Device is NOT Blocked","Not Blocked","Not Blocked - AMTA"
"ONEPLUS","ONEPLUS NORD N30","OnePlus CPH2515","","2023","QC SD 695","86932006","Device is Blocked","Not Blocked","Unknown"
"ONEPLUS","ONEPLUS NORD N30","OnePlus CPH2513","","2023","QC SD 695","86097006","Device is NOT Blocked","Not Blocked","Not Blocked - AMTA"
"ONEPLUS","ONEPLUS NORD CE3 5G","OnePlus CPH2569","","2023","QC SD 782G","86792806","Device is Blocked","TAC Not blocked","Unknown"
"ONEPLUS","ONEPLUS NORD CE3 5G","OnePlus CPH2569","","2023","QC SD 782G","86107706","Device is NOT Blocked","Not Blocked","Not Blocked - AMTA"
"ONEPLUS","ONEPLUS NORD CE3 5G","OnePlus CPH2569","","2023","QC SD 782G","86038006","Device is NOT Blocked","Not Blocked","Not Blocked - AMTA"
"ONEPLUS","ONEPLUS NORD CE 3 LITE 5G","OnePlus CPH2467","India Model","2023","QC SD 695","86813407","Device is Blocked","B28 Limited","Unknown"
"ONEPLUS","ONEPLUS NORD CE 3 LITE 5G","OnePlus CPH2467","India Model","2023","QC SD 695","86720707","Reduced Coverage","TAC Not blocked","Unknown"
"ONEPLUS","ONEPLUS NORD CE 3 LITE 5G","OnePlus CPH2467","India Model","2023","QC SD 695","86595206","Reduced Coverage","B28 Limited","Unknown"
"ONEPLUS","ONEPLUS NORD CE 3 LITE 5G","OnePlus CPH2467","India Model","2023","QC SD 695","86380907","Reduced Coverage","B28 Limited","Unknown"
"ONEPLUS","ONEPLUS NORD CE 3 LITE 5G","OnePlus CPH2467","India Model","2023","QC SD 695","86179707","Reduced Coverage","B28 Limited","Unknown"
"ONEPLUS","ONEPLUS NORD CE 3 LITE","OnePlus CPH2465","International","2023","QC SD 695","86985406","Device is NOT Blocked","Not Blocked","Unknown"
"ONEPLUS","ONEPLUS NORD CE 3 LITE","OnePlus CPH2465","International","2023","QC SD 695","86742707","Device is NOT Blocked","Not Blocked","Not Blocked - AMTA"
"ONEPLUS","ONEPLUS NORD CE 3 LITE","OnePlus CPH2467","India Model","2023","QC SD 695","86692306","Reduced Coverage","B28 Limited","Unknown"
"ONEPLUS","ONEPLUS NORD CE 3 LITE","OnePlus CPH2465","International","2023","QC SD 695","86465706","Device is NOT Blocked","Not Blocked","Not Blocked - AMTA"
"ONEPLUS","ONEPLUS NORD CE 3 LITE","OnePlus CPH2467","India Model","2023","QC SD 695","86252906","Reduced Coverage","B28 Limited","Unknown"
"ONEPLUS","ONEPLUS NORD CE 3 LITE","OnePlus CPH2467","India Model","2023","QC SD 695","86230106","Reduced Coverage","B28 Limited","Unknown"
"ONEPLUS","ONEPLUS NORD CE 3 LITE","OnePlus CPH2465","International","2023","QC SD 695","86177206","Device is NOT Blocked","Not Blocked","Not Blocked - AMTA"
"ONEPLUS","ONEPLUS NORD CE 3 LITE","OnePlus CPH2467","India Model","2023","QC SD 695","86137006","Reduced Coverage","B28 Limited","Unknown"
"ONEPLUS","ONEPLUS NORD CE 3 LITE","OnePlus CPH2467","India Model","2023","QC SD 695","86083006","Reduced Coverage","B28 Limited","Unknown"
"ONEPLUS","ONEPLUS NORD CE 3 LITE","OnePlus CPH2465","International","2023","QC SD 695","86064206","Device is NOT Blocked","TAC Not blocked","Unknown"
"ONEPLUS","ONEPLUS NORD 3 5G","OnePlus CPH2491","India Model","2023","MT D 9000","86306106","Device is NOT Blocked","TAC Not blocked","Unknown"
"ONEPLUS","ONEPLUS NORD 3 5G","OnePlus CPH2491","India Model","2023","MT D 9000","86259606","Device is Blocked","Not Blocked","Unknown"
"ONEPLUS","ONEPLUS NORD 3 5G","OnePlus CPH2493","International","2023","MT D 9000","86236206","Device is NOT Blocked","Not Blocked","Not Blocked - AMTA"
"ONEPLUS","ONEPLUS NORD 3 5G","OnePlus CPH2491","India Model","2023","MT D 9000","86202706","Device is NOT Blocked","Not Blocked","Not Blocked - AMTA"
"ONEPLUS","ONEPLUS ACE 2V","Oppo PHP110","China Model*","2023","MT D 9000","99002020","Device is NOT Blocked","TAC Not blocked","Unknown"
"ONEPLUS","ONEPLUS ACE 2V","Oppo PHP110","China Model","2023","MT D 9000","86034606","Device is NOT Blocked","Not Blocked","Not Blocked - AMTA"
"ONEPLUS","ONEPLUS ACE 2 PRO","Oppo PJA110","China Model","2023","QC SD 8 Gen 2","86849706","Device is NOT Blocked","Not Blocked","Not Blocked - AMTA"
"ONEPLUS","ONEPLUS ACE 2 PRO","Oppo PJA110","China Model","2023","QC SD 8 Gen 2","86785107","Device is NOT Blocked","Not Blocked","Not Blocked - AMTA"
"ONEPLUS","ONEPLUS ACE 2 PRO","Oppo PJA110","China Model","2023","QC SD 8 Gen 2","86766707","Device is NOT Blocked","Not Blocked","Not Blocked - AMTA"
"ONEPLUS","ONEPLUS ACE 2 PRO","Oppo PJA110","China Model","2023","QC SD 8 Gen 2","86329306","Device is NOT Blocked","Not Blocked","Not Blocked - AMTA"
"ONEPLUS","ONEPLUS ACE 2","Oppo PHK110","China Model (11R)","2023","QC SD 8+ Gen 1","99002018","Device is NOT Blocked","TAC Not blocked","Unknown"
"ONEPLUS","ONEPLUS ACE 2","Oppo PHK110","China Model (11R)","2023","QC SD 8+ Gen 1","86921206","Device is NOT Blocked","Not Blocked","Unknown"
"ONEPLUS","ONEPLUS ACE 2","Oppo PHK110","China Model (11R)","2023","QC SD 8+ Gen 1","86817006","Device is NOT Blocked","Not Blocked","Not Blocked - AMTA"
"ONEPLUS","ONEPLUS ACE 2","Oppo PHK110","China Model (11R)","2023","QC SD 8+ Gen 1","86556006","Device is NOT Blocked","Not Blocked","Not Blocked - AMTA"
"ONEPLUS","ONEPLUS ACE 2","Oppo PHK110","China Model (11R)","2023","QC SD 8+ Gen 1","86458006","Device is NOT Blocked","Not Blocked","Not Blocked - AMTA"
"ONEPLUS","ONEPLUS ACE 2","Oppo PHK110","China Model (11R)","2023","QC SD 8+ Gen 1","86386506","Device is NOT Blocked","Not Blocked","Not Blocked - AMTA"
"ONEPLUS","ONEPLUS ACE 2","Oppo PHK110","China Model (11R)","2023","QC SD 8+ Gen 1","86063106","Device is NOT Blocked","Not Blocked","Not Blocked - AMTA"
"ONEPLUS","ONEPLUS ACE 2","Oppo PHK110","China Model (11R)","2023","QC SD 8+ Gen 1","86029106","Device is NOT Blocked","TAC Not blocked","Unknown"
"ONEPLUS","ONEPLUS 11R 5G","OnePlus CPH2487","India Model","2023","QC SD 8+ Gen 1","86773506","Device is NOT Blocked","Not Blocked","Not Blocked - AMTA"
"ONEPLUS","ONEPLUS 11R 5G","OnePlus CPH2487","India Model","2023","QC SD 8+ Gen 1","86726807","Device is NOT Blocked","Not Blocked","Not Blocked - AMTA"
"ONEPLUS","ONEPLUS 11R 5G","OnePlus CPH2487","India Model","2023","QC SD 8+ Gen 1","86578006","Device is NOT Blocked","Not Blocked","Not Blocked - AMTA"
"ONEPLUS","ONEPLUS 11 5G","OnePlus CPH2449","International","2023","QC SD 8 Gen 2","86778806","Device is NOT Blocked","TAC Not blocked","Unknown"
"ONEPLUS","ONEPLUS 11 5G","Oppo PHP110","China Model","2023","QC SD 8 Gen 2","86647806","Device is NOT Blocked","Not Blocked","Not Blocked - AMTA"
"ONEPLUS","ONEPLUS 11 5G","Oppo PHB110","China Model","2023","QC SD 8 Gen 2","86592206","Device is NOT Blocked","Not Blocked","Not Blocked - AMTA"
"ONEPLUS","ONEPLUS 11 5G","Oppo PHB110","China Model","2023","QC SD 8 Gen 2","86512706","Device is NOT Blocked","Not Blocked","Not Blocked - AMTA"
"ONEPLUS","ONEPLUS 11 5G","OnePlus CPH2447","India Model","2023","QC SD 8 Gen 2","86511106","Device is NOT Blocked","Not Blocked","Not Blocked - AMTA"
"ONEPLUS","ONEPLUS 11 5G","OnePlus CPH2451","US Model","2023","QC SD 8 Gen 2","86492106","Device is NOT Blocked","Not Blocked","Not Blocked - AMTA"
"ONEPLUS","ONEPLUS 11 5G","OnePlus CPH2449","International","2023","QC SD 8 Gen 2","86471606","Device is NOT Blocked","Not Blocked","Not Blocked - AMTA"
"ONEPLUS","ONEPLUS 11 5G","Oppo PHP110","China Model","2023","QC SD 8 Gen 2","86400506","Device is NOT Blocked","Not Blocked","Not Blocked - AMTA"
"ONEPLUS","ONEPLUS 11 5G","OnePlus PHB110","China Model","2023","QC SD 8 Gen 2","86250006","Device is NOT Blocked","TAC Not blocked","Unknown"
"ONEPLUS","ONEPLUS 11 5G","Oppo PHB110","China Model","2023","QC SD 8 Gen 2","86121806","Device is NOT Blocked","TAC Not blocked","Unknown"
"ONEPLUS","ONEPLUS 11 5G","Oppo PHB110","China Model","2023","QC SD 8 Gen 2","86005306","Device is NOT Blocked","Not Blocked","Not Blocked - AMTA"
"ONEPLUS","ONEPLUS NORD N300","OnePlus CPH2389","","2022","MT D 810","86718806","Device is Blocked","TAC Not blocked","Unknown"
"ONEPLUS","ONEPLUS NORD N20 SE","OnePlus CPH2469","","2022","MT Helio G35","86953006","Device is NOT Blocked","Not Blocked","Unknown"
"ONEPLUS","ONEPLUS NORD N20 SE","OnePlus CPH2469","","2022","MT Helio G35","86417206","Device is NOT Blocked","TAC Not blocked","Unknown"
"ONEPLUS","ONEPLUS NORD N20 SE","OnePlus CPH2469","","2022","MT Helio G35","86148406","Device is NOT Blocked","Not Blocked","Not Blocked - AMTA"
"ONEPLUS","ONEPLUS NORD N20 5G","OnePlus CPH2459","","2022","QC SD 695","86895706","Device is NOT Blocked","Not Blocked","Not Blocked - AMTA"
"ONEPLUS","ONEPLUS NORD N20 5G","OnePlus GN2200","","2022","QC SD 695","86696605","Device is NOT Blocked","Not Blocked","Not Blocked - AMTA"
"ONEPLUS","ONEPLUS NORD CE 2 LITE 5G","OnePlus CPH2381","India Model","2022","QC SD 695","86996406","Device is NOT Blocked","Not Blocked","Not Blocked - AMTA"
"ONEPLUS","ONEPLUS NORD CE 2 LITE 5G","OnePlus CPH2381","India Model","2022","QC SD 695","86992206","Device is NOT Blocked","Not Blocked","Not Blocked - AMTA"
"ONEPLUS","ONEPLUS NORD CE 2 LITE 5G","OnePlus CPH2381","India Model","2022","QC SD 695","86959006","Device is NOT Blocked","Not Blocked","Not Blocked - AMTA"
"ONEPLUS","ONEPLUS NORD CE 2 LITE 5G","OnePlus CPH2381","India Model","2022","QC SD 695","86933707","Device is NOT Blocked","Not Blocked","Not Blocked - AMTA"
"ONEPLUS","ONEPLUS NORD CE 2 LITE 5G","OnePlus CPH2381","India Model","2022","QC SD 695","86866006","Device is NOT Blocked","Not Blocked","Not Blocked - AMTA"
"ONEPLUS","ONEPLUS NORD CE 2 LITE 5G","OnePlus CPH2381","India Model","2022","QC SD 695","86686106","Device is NOT Blocked","Not Blocked","Not Blocked - AMTA"
"ONEPLUS","ONEPLUS NORD CE 2 LITE 5G","OnePlus CPH2381","India Model","2022","QC SD 695","86483506","Device is NOT Blocked","Not Blocked","Not Blocked - AMTA"
"ONEPLUS","ONEPLUS NORD CE 2 LITE 5G","OnePlus CPH2381","India Model","2022","QC SD 695","86338206","Device is NOT Blocked","Not Blocked","Not Blocked - AMTA"
"ONEPLUS","ONEPLUS NORD CE 2 LITE 5G","OnePlus CPH2381","India Model","2022","QC SD 695","86187106","Device is NOT Blocked","Not Blocked","Not Blocked - AMTA"
"ONEPLUS","ONEPLUS NORD CE 2 LITE","OnePlus CPH2409","International","2022","QC SD 695","86760406","Device is NOT Blocked","Not Blocked","Not Blocked - AMTA"
"ONEPLUS","ONEPLUS NORD CE 2 LITE","OnePlus CPH2409","International","2022","QC SD 695","86138406","Device is NOT Blocked","Not Blocked","Not Blocked - AMTA"
"ONEPLUS","ONEPLUS NORD CE 2 5G","OnePlus IV2201","India Model","2022","MT D 900","86996306","Device is NOT Blocked","TAC Not blocked","Unknown"
"ONEPLUS","ONEPLUS NORD CE 2 5G","OnePlus IV2201","","2022","MT D 900","86977406","Device is NOT Blocked","Not Blocked","Not Blocked - AMTA"
"ONEPLUS","ONEPLUS NORD CE 2 5G","OnePlus IV2201","India Model","2022","MT D 900","86955906","Reduced Coverage","B28 Limited","Unknown"
"ONEPLUS","ONEPLUS NORD CE 2 5G","OnePlus IV2201","","2022","MT D 900","86834506","Device is NOT Blocked","Not Blocked","Not Blocked - AMTA"
"ONEPLUS","ONEPLUS NORD CE 2 5G","OnePlus IV2201","India Model","2022","MT D 900","86446506","Device is Blocked","B28 Limited","Unknown"
"ONEPLUS","ONEPLUS NORD CE 2 5G","OnePlus IV2201","India Model","2022","MT D 900","86382506","Reduced Coverage","B28 Limited","Unknown"
"ONEPLUS","ONEPLUS NORD CE 2 5G","OnePlus IV2201","India Model","2022","MT D 900","86021806","Reduced Coverage","B28 Limited","Unknown"
"ONEPLUS","ONEPLUS NORD 2T 5G","OnePlus CPH2401","India Model","2022","MT D 1300","86554606","Reduced Coverage","B28 Limited","Unknown"
"ONEPLUS","ONEPLUS NORD 2T 5G","OnePlus CPH2399","International","2022","MT D 1300","86172606","Device is NOT Blocked","TAC Not blocked","Unknown"
"ONEPLUS","ONEPLUS NORD 2T 5G","OnePlus CPH2401","India Model","2022","MT D 1300","86103406","Reduced Coverage","B28 Limited","Unknown"
"ONEPLUS","ONEPLUS NORD 2T 5G","OnePlus CPH2401","India Model","2022","MT D 1300","86085906","Reduced Coverage","B28 Limited","Unknown"
"ONEPLUS","ONEPLUS NORD 2T 5G","OnePlus CPH2399","International","2022","MT D 1300","86043906","Device is NOT Blocked","Not Blocked","Not Blocked - AMTA"
"ONEPLUS","ONEPLUS ACE RACING EDITION","OnePlus PGZ110","China Model*","2022","MT D 8100-Max","99001933","Device is NOT Blocked","TAC Not blocked","Unknown"
"ONEPLUS","ONEPLUS ACE RACING EDITION","OnePlus PGZ110","China Model","2022","MT D 8100-Max","86953506","Device is NOT Blocked","Not Blocked","Not Blocked - AMTA"
"ONEPLUS","ONEPLUS ACE RACING EDITION","OnePlus PGZ110","China Model","2022","MT D 8100-Max","86662006","Device is NOT Blocked","Not Blocked","Not Blocked - AMTA"
"ONEPLUS","ONEPLUS ACE","OnePlus PGKM10","China Model (10R)","2022","MT D 8100-Max","99001911","Device is NOT Blocked","TAC Not blocked","Unknown"
"ONEPLUS","ONEPLUS ACE","OnePlus PGKM10","China Model (10R)","2022","MT D 8100-Max","86992506","Device is NOT Blocked","TAC Not blocked","Unknown"
"ONEPLUS","ONEPLUS ACE","OnePlus PGKM10","China Model (10R)","2022","MT D 8100-Max","86528806","Device is NOT Blocked","Not Blocked","Not Blocked - AMTA"
"ONEPLUS","ONEPLUS ACE","OnePlus PGKM10","China Model (10R)","2022","MT D 8100-Max","86508406","Device is NOT Blocked","Not Blocked","Not Blocked - AMTA"
"ONEPLUS","ONEPLUS 10T 5G","OnePlus CPH2419","","2022","QC SD 8+ Gen 1","86167706","Device is NOT Blocked","Not Blocked","Unknown"
"ONEPLUS","ONEPLUS 10T","OnePlus PGP110","China Model*","2022","QC SD 8+ Gen 1","99002051","Device is NOT Blocked","TAC Not blocked","Unknown"
"ONEPLUS","ONEPLUS 10T","OnePlus PGP110","China Model*","2022","QC SD 8+ Gen 1","99001937","Device is NOT Blocked","TAC Not blocked","Unknown"
"ONEPLUS","ONEPLUS 10T","OnePlus PGP110","China Model","2022","QC SD 8+ Gen 1","86984406","Device is NOT Blocked","Not Blocked","Not Blocked - AMTA"
"ONEPLUS","ONEPLUS 10T","OnePlus CPH2415","","2022","QC SD 8+ Gen 1","86843606","Device is NOT Blocked","Not Blocked","Not Blocked - AMTA"
"ONEPLUS","ONEPLUS 10T","OnePlus PGP110","China Model","2022","QC SD 8+ Gen 1","86812006","Device is NOT Blocked","Not Blocked","Not Blocked - AMTA"
"ONEPLUS","ONEPLUS 10T","OnePlus CPH2417","","2022","QC SD 8+ Gen 1","86699506","Device is NOT Blocked","Not Blocked","Not Blocked - AMTA"
"ONEPLUS","ONEPLUS 10T","OnePlus PGP110","China Model","2022","QC SD 8+ Gen 1","86574506","Device is NOT Blocked","Not Blocked","Not Blocked - AMTA"
"ONEPLUS","ONEPLUS 10RT","OnePlus CPH2413","","2022","MT D 8100-Max","86342006","Device is NOT Blocked","Not Blocked","Not Blocked - AMTA"
"ONEPLUS","ONEPLUS 10R 5G","OnePlus CPH2423","India Model","2022","MT D 8100-Max","86777806","Device is NOT Blocked","Not Blocked","Not Blocked - AMTA"
"ONEPLUS","ONEPLUS 10R 5G","OnePlus CPH2423","India Model","2022","MT D 8100-Max","86677506","Device is NOT Blocked","Not Blocked","Not Blocked - AMTA"
"ONEPLUS","ONEPLUS 10R 5G","OnePlus CPH2411","India Model","2022","MT D 8100-Max","86404906","Device is NOT Blocked","Not Blocked","Not Blocked - AMTA"
"ONEPLUS","ONEPLUS 10 PRO 5G","OnePlus NE2210","China Model*","2022","QC SD 8 Gen 1","99001864","Device is NOT Blocked","TAC Not blocked","Unknown"
"ONEPLUS","ONEPLUS 10 PRO 5G","OnePlus NE2210","China Model*","2022","QC SD 8 Gen 1","99001772","Device is NOT Blocked","TAC Not blocked","Unknown"
"ONEPLUS","ONEPLUS 10 PRO 5G","OnePlus NE2213","International","2022","QC SD 8 Gen 1","86962305","Device is NOT Blocked","Not Blocked","Not Blocked - AMTA"
"ONEPLUS","ONEPLUS 10 PRO 5G","OnePlus NE2210","China Model","2022","QC SD 8 Gen 1","86910505","Device is NOT Blocked","Not Blocked","Not Blocked - AMTA"
"ONEPLUS","ONEPLUS 10 PRO 5G","OnePlus NE2210","China Model","2022","QC SD 8 Gen 1","86601906","Device is NOT Blocked","Not Blocked","Not Blocked - AMTA"
"ONEPLUS","ONEPLUS 10 PRO","OnePlus NE2211","India Model","2022","QC SD 8 Gen 1","86836805","Device is NOT Blocked","Not Blocked","Not Blocked - AMTA"
"ONEPLUS","ONEPLUS 10 PRO","OnePlus NE2215","US Model","2022","QC SD 8 Gen 1","86598105","Device is NOT Blocked","Not Blocked","Not Blocked - AMTA"
"ONEPLUS","ONEPLUS 10 PRO","OnePlus NE2217","T-Mobile US","2022","QC SD 8 Gen 1","86167905","Device is NOT Blocked","Not Blocked","Not Blocked - AMTA"
"ONEPLUS","1+ CTD05","Oppo CTD05","OPPO 5G CPE T2","2022","QC SD X55","86941106","Device is NOT Blocked","Not Phone","Unknown"
"ONEPLUS","ONEPLUS NORD N200 5G","OnePlus DE2118","","2021","QC SD 480","99001893","Device is NOT Blocked","Not Blocked","Unknown"
"ONEPLUS","ONEPLUS NORD N200 5G","OnePlus DE2118","","2021","QC SD 480","99001769","Device is NOT Blocked","Not Blocked","Not Blocked - AMTA"
"ONEPLUS","ONEPLUS NORD N200 5G","OnePlus DE2117","","2021","QC SD 480","86872605","Device is NOT Blocked","TAC Not blocked","Unknown"
"ONEPLUS","ONEPLUS NORD N200 5G","OnePlus DE2117","","2021","QC SD 480","86808205","Device is NOT Blocked","Not Blocked","Not Blocked - AMTA"
"ONEPLUS","ONEPLUS NORD N200 5G","OnePlus DE2118","","2021","QC SD 480","86281206","Device is NOT Blocked","Not Blocked","Unknown"
"ONEPLUS","ONEPLUS NORD CE 5G","OnePlus EB2101","India Model","2021","QC SD 750G","86976805","Reduced Coverage","B28 Limited","Unknown"
"ONEPLUS","ONEPLUS NORD CE 5G","OnePlus EB2101","India Model","2021","QC SD 750G","86821805","Reduced Coverage","B28 Limited","Unknown"
"ONEPLUS","ONEPLUS NORD CE 5G","OnePlus EB2101","India Model","2021","QC SD 750G","86684005","Reduced Coverage","B28 Limited","Unknown"
"ONEPLUS","ONEPLUS NORD CE 5G","OnePlus EB2103","EU Model","2021","QC SD 750G","86667305","Device is NOT Blocked","Not Blocked","Not Blocked - AMTA"
"ONEPLUS","ONEPLUS NORD CE 5G","OnePlus EB2103","EU Model","2021","QC SD 750G","86548205","Device is NOT Blocked","Not Blocked","Not Blocked - AMTA"
"ONEPLUS","ONEPLUS NORD CE 5G","OnePlus EB2103","EU Model","2021","QC SD 750G","86531405","Device is NOT Blocked","TAC Not blocked","Unknown"
"ONEPLUS","ONEPLUS NORD 2 5G","OnePlus DN2103","EU Model","2021","MT D 1200","86719205","Device is NOT Blocked","Not Blocked","Not Blocked - AMTA"
"ONEPLUS","ONEPLUS NORD 2 5G","OnePlus DN2101","India Model","2021","MT D 1200","86644805","Reduced Coverage","B28 Limited","Unknown"
"ONEPLUS","ONEPLUS NORD 2 5G","OnePlus DN2101","India Model","2021","MT D 1200","86533405","Device is NOT Blocked","TAC Not blocked","Unknown"
"ONEPLUS","ONEPLUS NORD 2 5G","OnePlus DN2101","India Model","2021","MT D 1200","86518505","Reduced Coverage","B28 Limited","Unknown"
"ONEPLUS","ONEPLUS NORD 2 5G","OnePlus DN2103","EU Model","2021","MT D 1200","86422206","Device is NOT Blocked","Not Blocked","Not Blocked - AMTA"
"ONEPLUS","ONEPLUS NORD 2 5G","OnePlus DN2101","India Model","2021","MT D 1200","86341005","Reduced Coverage","B28 Limited","Unknown"
"ONEPLUS","ONEPLUS 9RT 5G","OnePlus MT2110","India Model*","2021","QC SD 888","99001826","Device is NOT Blocked","TAC Not blocked","Unknown"
"ONEPLUS","ONEPLUS 9RT 5G","OnePlus MT2110","India Model","2021","QC SD 888","86990005","Device is NOT Blocked","TAC Not blocked","Unknown"
"ONEPLUS","ONEPLUS 9RT 5G","OnePlus MT2111","India Model","2021","QC SD 888","86943705","Device is NOT Blocked","Not Blocked","Not Blocked - AMTA"
"ONEPLUS","ONEPLUS 9RT 5G","OnePlus MT2110","China Model","2021","QC SD 888","86904105","Device is NOT Blocked","Not Blocked","Not Blocked - AMTA"
"ONEPLUS","ONEPLUS 9RT 5G","OnePlus MT2110","China Model","2021","QC SD 888","86791005","Device is NOT Blocked","Not Blocked","Not Blocked - AMTA"
"ONEPLUS","ONEPLUS 9R","OnePlus LE2100","China Model*","2021","QC SD 870","99001771","Device is NOT Blocked","TAC Not blocked","Unknown"
"ONEPLUS","ONEPLUS 9R","OnePlus LE2100","China Model*","2021","QC SD 870","99001742","Device is NOT Blocked","TAC Not blocked","Unknown"
"ONEPLUS","ONEPLUS 9R","OnePlus LE2100","China Model","2021","QC SD 870","86990805","Device is Blocked","Blocked","Unknown"
"ONEPLUS","ONEPLUS 9R","OnePlus LE2101","India Model","2021","QC SD 870","86938805","Device is Blocked","Blocked","Unknown"
"ONEPLUS","ONEPLUS 9R","OnePlus LE2100","China Model","2021","QC SD 870","86904605","Device is Blocked","Blocked","Unknown"
"ONEPLUS","ONEPLUS 9R","OnePlus LE2100","China Model","2021","QC SD 870","86729205","Device is Blocked","Blocked","Unknown"
"ONEPLUS","ONEPLUS 9R","OnePlus LE2101","India Model","2021","QC SD 870","86697805","Device is Blocked","Blocked","Unknown"
"ONEPLUS","ONEPLUS 9R","OnePlus LE2100","China Model","2021","QC SD 870","86571505","Device is NOT Blocked","TAC Not blocked","Unknown"
"ONEPLUS","ONEPLUS 9 PRO 5G","OnePlus LE2125","US Model*","2021","QC SD 888","99001719","Device is NOT Blocked","TAC Not blocked","Unknown"
"ONEPLUS","ONEPLUS 9 PRO 5G","OnePlus LE2127","T-Mobile US","2021","QC SD 888","99001675","Device is NOT Blocked","Not Blocked","Unknown"
"ONEPLUS","ONEPLUS 9 PRO 5G","OnePlus LE2121","India Model","2021","QC SD 888","86876805","Reduced Coverage","B28 Limited","Unknown"
"ONEPLUS","ONEPLUS 9 PRO 5G","OnePlus LE2125","US Model","2021","QC SD 888","86381505","Device is NOT Blocked","Not Blocked","Not Blocked - AMTA"
"ONEPLUS","ONEPLUS 9 PRO","OnePlus LE2120","China Model*","2021","QC SD 888","99001718","Device is NOT Blocked","TAC Not blocked","Unknown"
"ONEPLUS","ONEPLUS 9 PRO","OnePlus LE2123","EU Model","2021","QC SD 888","86692905","Device is NOT Blocked","Not Blocked","Not Blocked - AMTA"
"ONEPLUS","ONEPLUS 9 PRO","OnePlus LE2119","T-Mobile US","2021","QC SD 888","86652205","Device is NOT Blocked","TAC Not blocked","Unknown"
"ONEPLUS","ONEPLUS 9 PRO","OnePlus LE2120","China Model","2021","QC SD 888","86321905","Reduced Coverage","B28 Limited","Unknown"
"ONEPLUS","ONEPLUS 9 PRO","OnePlus LE2120","China Model","2021","QC SD 888","86317005","Reduced Coverage","B28 Limited","Unknown"
"ONEPLUS","ONEPLUS 9 PRO","OnePlus LE2120","China Model","2021","QC SD 888","86028405","Reduced Coverage","B28 Limited","Unknown"
"ONEPLUS","ONEPLUS 9 5G","OnePlus LE2117","T-Mobile US","2021","QC SD 888","99001741","Device is NOT Blocked","Not Blocked","Unknown"
"ONEPLUS","ONEPLUS 9 5G","OnePlus LE2115","International","2021","QC SD 888","99001720","Device is NOT Blocked","TAC Not blocked","Unknown"
"ONEPLUS","ONEPLUS 9 5G","OnePlus LE2117","T-Mobile US","2021","QC SD 888","99001672","Device is NOT Blocked","Not Blocked","Unknown"
"ONEPLUS","ONEPLUS 9 5G","OnePlus LE2115","International","2021","QC SD 888","86467805","Device is NOT Blocked","Not Blocked","Unknown"
"ONEPLUS","ONEPLUS 9 5G","OnePlus LE2111","India Model","2021","QC SD 888","86301805","Reduced Coverage","B28 Limited","Unknown"
"ONEPLUS","ONEPLUS 9 5G","OnePlus LE2113","EU Model","2021","QC SD 888","86044505","Device is NOT Blocked","Not Blocked","Not Blocked - AMTA"
"ONEPLUS","ONEPLUS 9","OnePlus LE2110","China Model*","2021","QC SD 888","99001674","Device is NOT Blocked","TAC Not blocked","Unknown"
"ONEPLUS","ONEPLUS 9","OnePlus LE2110","China Model","2021","QC SD 888","86693905","Reduced Coverage","B28 Limited","Unknown"
"ONEPLUS","ONEPLUS 9","OnePlus LE2110","China Model","2021","QC SD 888","86344405","Reduced Coverage","B28 Limited","Unknown"
"ONEPLUS","ONEPLUS 9","OnePlus LE2110","China Model","2021","QC SD 888","86016105","Reduced Coverage","B28 Limited","Unknown"
"ONEPLUS","1+ BE2103","OnePlus BE2103","OnePlus Nord CE 5G","2021","QC SD 750G","86588005","Device is NOT Blocked","TAC Not blocked","Unknown"
"ONEPLUS","1+ BE2101","OnePlus BE2101","OnePlus Nord CE 5G","2021","QC SD 750G","86638205","Device is NOT Blocked","TAC Not blocked","Unknown"
"ONEPLUS","ONEPLUS NORD N100","OnePlus BE2015","","2020","QC SD 460","99001711","Device is Blocked","Blocked","Unknown"
"ONEPLUS","ONEPLUS NORD N100","OnePlus BE2013","","2020","QC SD 460","99001681","Device is NOT Blocked","TAC Not blocked","Unknown"
"ONEPLUS","ONEPLUS NORD N100","OnePlus BE2013","","2020","QC SD 460","86887805","Device is Blocked","Blocked","Unknown"
"ONEPLUS","ONEPLUS NORD N100","OnePlus BE2013","","2020","QC SD 460","86175805","Device is Blocked","Blocked","Unknown"
"ONEPLUS","ONEPLUS NORD N10 5G","OnePlus BE2025","","2020","QC SD 690","99001712","Device is Blocked","TAC Not blocked","Unknown"
"ONEPLUS","ONEPLUS NORD N10 5G","OnePlus BE2026","","2020","QC SD 690","99001684","Device is Blocked","Blocked","Unknown"
"ONEPLUS","ONEPLUS NORD N10 5G","OnePlus BE2029","","2020","QC SD 690","99001682","Device is NOT Blocked","TAC Not blocked","Unknown"
"ONEPLUS","ONEPLUS NORD N10 5G","OnePlus BE2028","","2020","QC SD 690","99001680","Device is Blocked","Blocked","Unknown"
"ONEPLUS","ONEPLUS NORD N10 5G","OnePlus BE2029","","2020","QC SD 690","86936005","Device is Blocked","Blocked","Unknown"
"ONEPLUS","ONEPLUS NORD N10 5G","OnePlus BE2029","","2020","QC SD 690","86875705","Device is Blocked","Not Blocked","Unknown"
"ONEPLUS","ONEPLUS NORD N10 5G","OnePlus BE2029","","2020","QC SD 690","86460105","Device is Blocked","Blocked","Unknown"
"ONEPLUS","ONEPLUS NORD N10 5G","OnePlus BE2029","","2020","QC SD 690","86107405","Device is Blocked","Blocked","Unknown"
"ONEPLUS","ONEPLUS NORD 100","OnePlus BE2011","","2020","QC SD 460","99001683","Device is Blocked","Blocked","Unknown"
"ONEPLUS","ONEPLUS NORD","OnePlus AC2003","EU Model","2020","QC SD 765G","86795804","Device is NOT Blocked","Not Blocked","Not Blocked - AMTA"
"ONEPLUS","ONEPLUS NORD","OnePlus AC2001","India Model","2020","QC SD 765G","86680105","Reduced Coverage","B28 Limited","Unknown"
"ONEPLUS","ONEPLUS NORD","OnePlus AC2003","EU Model","2020","QC SD 765G","86609305","Device is NOT Blocked","Not Blocked","Not Blocked - AMTA"
"ONEPLUS","ONEPLUS NORD","OnePlus AC2001","India Model","2020","QC SD 765G","86529505","Reduced Coverage","B28 Limited","Unknown"
"ONEPLUS","ONEPLUS NORD","OnePlus AC2001","India Model","2020","QC SD 765G","86527604","Reduced Coverage","B28 Limited","Unknown"
"ONEPLUS","ONEPLUS NORD","OnePlus AC2001","India Model","2020","QC SD 765G","86220205","Reduced Coverage","B28 Limited","Unknown"
"ONEPLUS","ONEPLUS N100","OnePlus BE2012","","2020","QC SD 460","99001679","Device is Blocked","Blocked","Unknown"
"ONEPLUS","ONEPLUS 8T+","OnePlus KB2007","T-Mobile US","2020","QC SD 865","99001709","Device is NOT Blocked","Not Blocked","Not Blocked - AMTA"
"ONEPLUS","ONEPLUS 8T+","OnePlus KB2007","T-Mobile US","2020","QC SD 865","99001677","Device is Blocked","Blocked","Unknown"
"ONEPLUS","ONEPLUS 8T","OnePlus KB2000","China Model*","2020","QC SD 865","99001773","Device is NOT Blocked","TAC Not blocked","Unknown"
"ONEPLUS","ONEPLUS 8T","OnePlus KB2005","International","2020","QC SD 865","99001676","Device is NOT Blocked","TAC Not blocked","Unknown"
"ONEPLUS","ONEPLUS 8T","OnePlus KB2000","China Model*","2020","QC SD 865","99001673","Device is NOT Blocked","TAC Not blocked","Unknown"
"ONEPLUS","ONEPLUS 8T","OnePlus KB2003","EU Model","2020","QC SD 865","86905705","Device is Blocked","Not Blocked","Unknown"
"ONEPLUS","ONEPLUS 8T","OnePlus KB2000","China Model","2020","QC SD 865","86633405","Device is Blocked","Blocked","Unknown"
"ONEPLUS","ONEPLUS 8T","OnePlus KB2000","China Model","2020","QC SD 865","86577305","Device is Blocked","Blocked","Unknown"
"ONEPLUS","ONEPLUS 8T","OnePlus KB2003","EU Model","2020","QC SD 865","86547505","Device is Blocked","Blocked","Unknown"
"ONEPLUS","ONEPLUS 8T","OnePlus KB2005","International","2020","QC SD 865","86495905","Device is Blocked","Not Blocked","Unknown"
"ONEPLUS","ONEPLUS 8T","OnePlus KB2001","India Model","2020","QC SD 865","86472105","Device is Blocked","Blocked","Unknown"
"ONEPLUS","ONEPLUS 8T","OnePlus KB2000","China Model","2020","QC SD 865","86274705","Device is Blocked","Blocked","Unknown"
"ONEPLUS","ONEPLUS 8T","OnePlus KB2000","China Model","2020","QC SD 865","86155705","Device is Blocked","Blocked","Not Blocked - User"
"ONEPLUS","ONEPLUS 8T","OnePlus KB2001","India Model","2020","QC SD 865","86123505","Device is Blocked","Blocked","Unknown"
"ONEPLUS","ONEPLUS 8 PRO","OnePlus IN2025","US Model*","2020","QC SD 865","99001579","Device is NOT Blocked","TAC Not blocked","Unknown"
"ONEPLUS","ONEPLUS 8 PRO","OnePlus IN2023","EU Model*","2020","QC SD 865","99001578","Device is NOT Blocked","TAC Not blocked","Unknown"
"ONEPLUS","ONEPLUS 8 PRO","OnePlus IN2021","India Model*","2020","QC SD 865","99001577","Device is NOT Blocked","TAC Not blocked","Unknown"
"ONEPLUS","ONEPLUS 8 PRO","OnePlus IN2020","China Model*","2020","QC SD 865","99001576","Device is NOT Blocked","TAC Not blocked","Unknown"
"ONEPLUS","ONEPLUS 8 PRO","OnePlus IN2025","US Model","2020","QC SD 865","86542204","Device is Blocked","Blocked","Unknown"
"ONEPLUS","ONEPLUS 8 PRO","OnePlus IN2021","India Model","2020","QC SD 865","86513904","Device is Blocked","Blocked","Unknown"
"ONEPLUS","ONEPLUS 8 PRO","OnePlus IN2020","China Model","2020","QC SD 865","86425505","Device is Blocked","Blocked","Unknown"
"ONEPLUS","ONEPLUS 8 PRO","OnePlus IN2023","EU Model","2020","QC SD 865","86361904","Device is Blocked","Not Blocked","Unknown"
"ONEPLUS","ONEPLUS 8 PRO","OnePlus IN2020","China Model","2020","QC SD 865","86355105","Device is NOT Blocked","TAC Not blocked","Unknown"
"ONEPLUS","ONEPLUS 8 PRO","OnePlus IN2020","China Model","2020","QC SD 865","86063704","Device is Blocked","Blocked","Not Blocked - User"
"ONEPLUS","ONEPLUS 8 5G UW","OnePlus IN2019","Verizon US","2020","QC SD 865","86990404","Device is Blocked","Blocked","Unknown"
"ONEPLUS","ONEPLUS 8 5G","OnePlus IN2015","US Model","2020","QC SD 865","99001671","Device is NOT Blocked","TAC Not blocked","Unknown"
"ONEPLUS","ONEPLUS 8 5G","OnePlus IN2015","US Model","2020","QC SD 865","99001574","Device is NOT Blocked","TAC Not blocked","Unknown"
"ONEPLUS","ONEPLUS 8 5G","OnePlus IN2010","China Model*","2020","QC SD 865","99001571","Device is NOT Blocked","TAC Not blocked","Unknown"
"ONEPLUS","ONEPLUS 8 5G","OnePlus IN2010","China Model","2020","QC SD 865","86966305","Device is NOT Blocked","TAC Not blocked","Unknown"
"ONEPLUS","ONEPLUS 8 5G","OnePlus IN2010","China Model","2020","QC SD 865","86913404","Device is Blocked","Blocked","Unknown"
"ONEPLUS","ONEPLUS 8 5G","OnePlus IN2010","China Model","2020","QC SD 865","86510205","Device is Blocked","Blocked","Unknown"
"ONEPLUS","ONEPLUS 8 5G","OnePlus IN2015","US Model","2020","QC SD 865","86112304","Device is Blocked","Blocked","Unknown"
"ONEPLUS","ONEPLUS 8 5G","OnePlus IN2015","US Model","2020","QC SD 865","86012005","Device is Blocked","TAC Not blocked","Unknown"
"ONEPLUS","ONEPLUS 8","OnePlus IN2017","T-Mobile US","2020","QC SD 865","99001597","Device is Blocked","Blocked","Unknown"
"ONEPLUS","ONEPLUS 8","OnePlus IN2017","T-Mobile US","2020","QC SD 865","99001575","Device is Blocked","Blocked","Unknown"
"ONEPLUS","ONEPLUS 8","OnePlus IN2013","EU Model","2020","QC SD 865","99001573","Device is NOT Blocked","TAC Not blocked","Unknown"
"ONEPLUS","ONEPLUS 8","OnePlus IN2011","India Model*","2020","QC SD 865","99001572","Device is NOT Blocked","TAC Not blocked","Unknown"
"ONEPLUS","ONEPLUS 8","OnePlus IN2011","India Model","2020","QC SD 865","86979604","Device is Blocked","Blocked","Unknown"
"ONEPLUS","ONEPLUS 8","OnePlus IN2013","EU Model","2020","QC SD 865","86511604","Device is Blocked","Not Blocked","Unknown"
"ONEPLUS","ONEPLUS 8","OnePlus IN2017","T-Mobile US","2020","QC SD 865","01572800","Device is NOT Blocked","TAC Not blocked","Unknown"
"ONEPLUS","1+ IN2018","OnePlus IN2018","OnePlus 8","2020","QC SD 865","86153105","Device is NOT Blocked","TAC Not blocked","Unknown"
"ONEPLUS","ONEPLUS 7T PRO 5G MCLAREN","OnePlus HD1925","T-Mobile US","2019","QC SD 855+","99001569","Device is Blocked","Blocked","Unknown"
"ONEPLUS","ONEPLUS 7T PRO 5G MCLAREN","OnePlus HD1925","T-Mobile US","2019","QC SD 855+","99001382","Device is Blocked","Blocked","Unknown"
"ONEPLUS","ONEPLUS 7T PRO 5G MCLAREN","OnePlus HD1925","T-Mobile US","2019","QC SD 855+","86573504","Device is NOT Blocked","TAC Not blocked","Unknown"
"ONEPLUS","ONEPLUS 7T PRO","OnePlus HD1913","EU Model","2019","QC SD 855+","99001523","Device is NOT Blocked","TAC Not blocked","Unknown"
"ONEPLUS","ONEPLUS 7T PRO","OnePlus HD1911","India Model*","2019","QC SD 855+","99001522","Device is NOT Blocked","TAC Not blocked","Unknown"
"ONEPLUS","ONEPLUS 7T PRO","OnePlus HD1910","China Model*","2019","QC SD 855+","99001519","Device is NOT Blocked","TAC Not blocked","Unknown"
"ONEPLUS","ONEPLUS 7T PRO","OnePlus HD1911","India Model","2019","QC SD 855+","86934404","Device is Blocked","Blocked","Unknown"
"ONEPLUS","ONEPLUS 7T PRO","OnePlus HD1910","China Model","2019","QC SD 855+","86811904","Device is Blocked","Not Blocked","Unknown"
"ONEPLUS","ONEPLUS 7T PRO","OnePlus HD1913","EU Model","2019","QC SD 855+","86601604","Device is Blocked","Blocked","Unknown"
"ONEPLUS","ONEPLUS 7T PRO","OnePlus HD1917","US Model","2019","QC SD 855+","86374504","Device is NOT Blocked","TAC Not blocked","Unknown"
"ONEPLUS","ONEPLUS 7T","OnePlus HD1907","T-Mobile US","2019","QC SD 855+","99001568","Device is Blocked","Blocked","Unknown"
"ONEPLUS","ONEPLUS 7T","OnePlus HD1907","T-Mobile US","2019","QC SD 855+","99001567","Device is Blocked","Blocked","Unknown"
"ONEPLUS","ONEPLUS 7T","OnePlus HD1901","India Model*","2019","QC SD 855+","99001555","Device is NOT Blocked","TAC Not blocked","Unknown"
"ONEPLUS","ONEPLUS 7T","OnePlus HD1907","T-Mobile US","2019","QC SD 855+","99001526","Device is Blocked","Blocked","Unknown"
"ONEPLUS","ONEPLUS 7T","OnePlus HD1905","US Model","2019","QC SD 855+","99001515","Device is NOT Blocked","TAC Not blocked","Unknown"
"ONEPLUS","ONEPLUS 7T","OnePlus HD1903","EU Model","2019","QC SD 855+","99001514","Device is NOT Blocked","TAC Not blocked","Unknown"
"ONEPLUS","ONEPLUS 7T","OnePlus HD1901","India Model*","2019","QC SD 855+","99001513","Device is NOT Blocked","TAC Not blocked","Unknown"
"ONEPLUS","ONEPLUS 7T","OnePlus HD1900","China Model*","2019","QC SD 855+","99001512","Device is NOT Blocked","TAC Not blocked","Unknown"
"ONEPLUS","ONEPLUS 7T","OnePlus HD1907","T-Mobile US","2019","QC SD 855+","99001383","Device is Blocked","Blocked","Unknown"
"ONEPLUS","ONEPLUS 7T","OnePlus HD1900","China Model","2019","QC SD 855+","86887104","Device is Blocked","Blocked","Not Blocked - User"
"ONEPLUS","ONEPLUS 7T","OnePlus HD1901","India Model","2019","QC SD 855+","86853904","Device is Blocked","Blocked","Unknown"
"ONEPLUS","ONEPLUS 7T","OnePlus HD1905","US Model","2019","QC SD 855+","86789104","Device is Blocked","Blocked","Unknown"
"ONEPLUS","ONEPLUS 7T","OnePlus HD1903","EU Model","2019","QC SD 855+","86659904","Device is Blocked","Blocked","Unknown"
"ONEPLUS","ONEPLUS 7T","OnePlus HD1903","EU Model","2019","QC SD 855+","86646005","Device is NOT Blocked","TAC Not blocked","Unknown"
"ONEPLUS","ONEPLUS 7T","OnePlus HD1901","India Model","2019","QC SD 855+","86189404","Device is Blocked","Blocked","Not Blocked - User"
"ONEPLUS","ONEPLUS 7T","OnePlus HD1901","India Model","2019","QC SD 855+","86008504","Device is NOT Blocked","TAC Not blocked","Unknown"
"ONEPLUS","ONEPLUS 7 PRO 5G","OnePlus GM1925","Sprint US","2019","QC SD 855","99001520","Device is NOT Blocked","TAC Not blocked","Unknown"
"ONEPLUS","ONEPLUS 7 PRO 5G","OnePlus GM1925","Sprint US","2019","QC SD 855","99001361","Device is Blocked","Blocked","Not Blocked - User"
"ONEPLUS","ONEPLUS 7 PRO 5G","OnePlus GM1920","EU","2019","QC SD 855","99001344","Device is NOT Blocked","TAC Not blocked","Unknown"
"ONEPLUS","ONEPLUS 7 PRO 5G","OnePlus GM1925","Sprint US","2019","QC SD 855","86577304","Device is NOT Blocked","TAC Not blocked","Unknown"
"ONEPLUS","ONEPLUS 7 PRO 5G","OnePlus GM1920","EU","2019","QC SD 855","86442104","Device is Blocked","Blocked","Unknown"
"ONEPLUS","ONEPLUS 7 PRO","OnePlus GM1911","India Model*","2019","QC SD 855","99001326","Device is NOT Blocked","TAC Not blocked","Unknown"
"ONEPLUS","ONEPLUS 7 PRO","OnePlus GM1917","US Model","2019","QC SD 855","99001325","Device is NOT Blocked","TAC Not blocked","Unknown"
"ONEPLUS","ONEPLUS 7 PRO","OnePlus GM1913","EU Model","2019","QC SD 855","99001324","Device is NOT Blocked","TAC Not blocked","Unknown"
"ONEPLUS","ONEPLUS 7 PRO","OnePlus GM1915","T-Mobile US","2019","QC SD 855","99001323","Device is NOT Blocked","TAC Not blocked","Unknown"
"ONEPLUS","ONEPLUS 7 PRO","OnePlus GM1910","China Model*","2019","QC SD 855","99001291","Device is NOT Blocked","TAC Not blocked","Unknown"
"ONEPLUS","ONEPLUS 7 PRO","OnePlus GM1917","US Model","2019","QC SD 855","86754004","Device is Blocked","Blocked","Unknown"
"ONEPLUS","ONEPLUS 7 PRO","OnePlus GM1915","T-Mobile US","2019","QC SD 855","86605104","Device is NOT Blocked","TAC Not blocked","Unknown"
"ONEPLUS","ONEPLUS 7 PRO","OnePlus GM1915","T-Mobile US","2019","QC SD 855","86551004","Device is Blocked","Blocked","Unknown"
"ONEPLUS","ONEPLUS 7 PRO","OnePlus GM1911","India Model","2019","QC SD 855","86516604","Device is Blocked","Blocked","Unknown"
"ONEPLUS","ONEPLUS 7 PRO","OnePlus GM1915","T-Mobile US","2019","QC SD 855","86473704","Device is Blocked","Blocked","Unknown"
"ONEPLUS","ONEPLUS 7 PRO","OnePlus GM1910","China Model","2019","QC SD 855","86358104","Device is Blocked","Blocked","Unknown"
"ONEPLUS","ONEPLUS 7 PRO","OnePlus GM1913","EU Model","2019","QC SD 855","86342004","Device is Blocked","Blocked","Not Blocked - User"
"ONEPLUS","ONEPLUS 7 PRO","OnePlus GM1913","EU Model","2019","QC SD 855","86337104","Device is Blocked","Blocked","Unknown"
"ONEPLUS","ONEPLUS 7 PRO","OnePlus GM1915","T-Mobile US","2019","QC SD 855","86247904","Device is NOT Blocked","TAC Not blocked","Unknown"
"ONEPLUS","ONEPLUS 7 PRO","OnePlus GM1910","China Model","2019","QC SD 855","86161604","Device is Blocked","Blocked","Unknown"
"ONEPLUS","ONEPLUS 7","OnePlus GM1905","","2019","QC SD 855","99001347","Device is NOT Blocked","TAC Not blocked","Unknown"
"ONEPLUS","ONEPLUS 7","OnePlus GM1903","EU Model*","2019","QC SD 855","99001346","Device is NOT Blocked","TAC Not blocked","Unknown"
"ONEPLUS","ONEPLUS 7","OnePlus GM1901","India Model*","2019","QC SD 855","99001345","Device is NOT Blocked","TAC Not blocked","Unknown"
"ONEPLUS","ONEPLUS 7","OnePlus GM1900","China Model*","2019","QC SD 855","99001290","Device is NOT Blocked","TAC Not blocked","Unknown"
"ONEPLUS","ONEPLUS 7","OnePlus GM1901","India Model","2019","QC SD 855","86943004","Device is Blocked","Blocked","Unknown"
"ONEPLUS","ONEPLUS 7","OnePlus GM1903","EU Model","2019","QC SD 855","86793204","Device is Blocked","Blocked","Unknown"
"ONEPLUS","ONEPLUS 7","OnePlus GM1901","India Model","2019","QC SD 855","86725404","Device is Blocked","Blocked","Unknown"
"ONEPLUS","ONEPLUS 7","OnePlus GM1905","","2019","QC SD 855","86356404","Device is NOT Blocked","TAC Not blocked","Unknown"
"ONEPLUS","ONEPLUS 7","OnePlus GM1900","China Model","2019","QC SD 855","86122904","Device is Blocked","Blocked","Not Blocked - User"
"ONEPLUS","1+ GM1921","OnePlus GM1921","OnePlus 7 Pro 5G","2019","QC SD 855","86347004","Device is NOT Blocked","TAC Not blocked","Unknown"
"ONEPLUS","ONEPLUS 6T","OnePlus A6010","","2018","QC SD 845","99001292","Device is NOT Blocked","TAC Not blocked","Unknown"
"ONEPLUS","ONEPLUS 6T","OnePlus A6013","","2018","QC SD 845","99001255","Device is NOT Blocked","TAC Not blocked","Unknown"
"ONEPLUS","ONEPLUS 6T","OnePlus A6013","","2018","QC SD 845","99001250","Device is NOT Blocked","TAC Not blocked","Unknown"
"ONEPLUS","ONEPLUS 6T","OnePlus A6010","","2018","QC SD 845","99001249","Device is NOT Blocked","TAC Not blocked","Unknown"
"ONEPLUS","ONEPLUS 6T","OnePlus A6010","","2018","QC SD 845","86967104","Device is Blocked","Blocked","Unknown"
"ONEPLUS","ONEPLUS 6T","OnePlus A6010","","2018","QC SD 845","86938604","Device is Blocked","Not Blocked","Unknown"
"ONEPLUS","ONEPLUS 6T","OnePlus A6013","","2018","QC SD 845","86624104","Device is Blocked","Blocked","Unknown"
"ONEPLUS","ONEPLUS 6T","OnePlus A6013","","2018","QC SD 845","86520804","Device is Blocked","Not Blocked","Unknown"
"ONEPLUS","ONEPLUS 6T","OnePlus A6013","","2018","QC SD 845","86210804","Device is Blocked","Blocked","Unknown"
"ONEPLUS","ONEPLUS 6T","OnePlus A6010","","2018","QC SD 845","86180304","Device is Blocked","Blocked","Unknown"
"ONEPLUS","ONEPLUS 6","OnePlus A6000","","2018","QC SD 845","99001264","Device is NOT Blocked","TAC Not blocked","Unknown"
"ONEPLUS","ONEPLUS 6","OnePlus A6003","","2018","QC SD 845","99001259","Device is NOT Blocked","TAC Not blocked","Unknown"
"ONEPLUS","ONEPLUS 6","OnePlus A6000","","2018","QC SD 845","99001245","Device is NOT Blocked","TAC Not blocked","Unknown"
"ONEPLUS","ONEPLUS 6","OnePlus A6003","","2018","QC SD 845","99001202","Device is NOT Blocked","TAC Not blocked","Unknown"
"ONEPLUS","ONEPLUS 6","OnePlus A6000","","2018","QC SD 845","99001157","Device is NOT Blocked","TAC Not blocked","Unknown"
"ONEPLUS","ONEPLUS 6","OnePlus A6000","","2018","QC SD 845","86989703","Device is Blocked","Not Blocked","Not Blocked - User"
"ONEPLUS","ONEPLUS 6","OnePlus A6003","","2018","QC SD 845","86989603","Device is Blocked","Blocked","Not Blocked - User"
"ONEPLUS","ONEPLUS 6","OnePlus A6003","","2018","QC SD 845","86929503","Device is Blocked","Blocked","Unknown"
"ONEPLUS","ONEPLUS 6","OnePlus A6000","","2018","QC SD 845","86826303","Device is Blocked","Blocked","Unknown"
"ONEPLUS","ONEPLUS 6","OnePlus A6000","","2018","QC SD 845","86752004","Device is Blocked","Not Blocked","Not Blocked - User"
"ONEPLUS","ONEPLUS 6","OnePlus A6000","","2018","QC SD 845","86530004","Device is Blocked","Blocked","Unknown"
"ONEPLUS","ONEPLUS 6","OnePlus A6003","","2018","QC SD 845","86194904","Device is Blocked","Not Blocked","Unknown"
"ONEPLUS","ONEPLUS 6","OnePlus A6000","","2018","QC SD 845","86074604","Device is Blocked","Not Blocked","Not Blocked - User"
"ONEPLUS","ONEPLUS 5T","OnePlus A5010","","2017","QC SD 835","99001155","Device is NOT Blocked","TAC Not blocked","Unknown"
"ONEPLUS","ONEPLUS 5T","OnePlus A5010","","2017","QC SD 835","99001079","Device is NOT Blocked","TAC Not blocked","Unknown"
"ONEPLUS","ONEPLUS 5T","OnePlus A5010","","2017","QC SD 835","86871703","Device is Blocked","Blocked","Not Blocked - User"
"ONEPLUS","ONEPLUS 5T","OnePlus A5010","","2017","QC SD 835","86823303","Device is Blocked","Blocked","Unknown"
"ONEPLUS","ONEPLUS 5T","OnePlus A5010","","2017","QC SD 835","86728703","Device is Blocked","Blocked","Unknown"
"ONEPLUS","ONEPLUS 5T","OnePlus A5010","","2017","QC SD 835","86681703","Device is Blocked","Blocked","Unknown"
"ONEPLUS","ONEPLUS 5","OnePlus A5000","","2017","QC SD 835","99001062","Device is NOT Blocked","TAC Not blocked","Unknown"
"ONEPLUS","ONEPLUS 5","OnePlus A5000","","2017","QC SD 835","99000979","Device is NOT Blocked","TAC Not blocked","Unknown"
"ONEPLUS","ONEPLUS 5","OnePlus A5000","","2017","QC SD 835","86679003","Device is Blocked","Blocked","Not Blocked - User"
"ONEPLUS","ONEPLUS 5","OnePlus A5000","","2017","QC SD 835","86626503","Device is Blocked","Blocked","Unknown"
"ONEPLUS","ONEPLUS 5","OnePlus A5000","","2017","QC SD 835","86512403","Device is Blocked","Blocked","Not Blocked - User"
"ONEPLUS","ONEPLUS 5","OnePlus A5000","","2017","QC SD 835","86463003","Device is Blocked","Blocked","Unknown"
"ONEPLUS","ONEPLUS 3T","OnePlus A3010","","2016","QC SD 821","99000936","Device is NOT Blocked","TAC Not blocked","Unknown"
"ONEPLUS","ONEPLUS 3T","OnePlus A3010","","2016","QC SD 821","86485403","Device is Blocked","Blocked","Unknown"
"ONEPLUS","ONEPLUS 3T","OnePlus A3003","","2016","QC SD 821","86366403","Device is Blocked","Blocked","Unknown"
"ONEPLUS","ONEPLUS 3T","OnePlus A3010","","2016","QC SD 821","86256103","Device is Blocked","Blocked","Unknown"
"ONEPLUS","ONEPLUS 3T","OnePlus A3000","","2016","QC SD 821","01483600","Device is Blocked","Blocked","Unknown"
"ONEPLUS","ONEPLUS 3","OnePlus A3000","","2016","QC SD 820","99000736","Device is NOT Blocked","TAC Not blocked","Unknown"
"ONEPLUS","ONEPLUS 3","OnePlus A3003","","2016","QC SD 820","86479103","Device is Blocked","Blocked","Unknown"
"ONEPLUS","ONEPLUS 3","OnePlus A3003","","2016","QC SD 820","86442203","Device is Blocked","Blocked","Unknown"
"ONEPLUS","ONEPLUS 3","OnePlus A3000","","2016","QC SD 820","86358103","Device is Blocked","B28 Limited","Unknown"
"ONEPLUS","ONEPLUS 3","OnePlus A3003","","2016","QC SD 820","86256303","Device is Blocked","Blocked","Unknown"
"ONEPLUS","ONEPLUS 3","OnePlus A3003","","2016","QC SD 820","86015203","Device is Blocked","Blocked","Unknown"
"ONEPLUS","ONEPLUS 3","OnePlus A3000","","2016","QC SD 820","86004603","Device is Blocked","Blocked","Unknown"
"ONEPLUS","ONEPLUS X","OnePlus ONE E1000","","2015","QC SD 801","99000735","Device is NOT Blocked","TAC Not blocked","Unknown"
"ONEPLUS","ONEPLUS X","OnePlus ONE E1003","","2015","QC SD 801","86964902","Device is Blocked","Not Blocked","Unknown"
"ONEPLUS","ONEPLUS X","OnePlus ONE E1000","","2015","QC SD 801","86880202","Device is Blocked","TAC Not blocked","Unknown"
"ONEPLUS","ONEPLUS X","OnePlus ONE E1005","","2015","QC SD 801","86805102","Device is Blocked","B28 Limited","Unknown"
"ONEPLUS","ONEPLUS X","OnePlus ONE E1003","","2015","QC SD 801","86804902","Device is Blocked","Blocked","Unknown"
"ONEPLUS","ONEPLUS X","OnePlus ONE E1001","","2015","QC SD 801","86804802","Device is Blocked","Blocked","Unknown"
"ONEPLUS","ONEPLUS 2","OnePlus ONE A2005","","2015","QC SD 810","86929002","Device is Blocked","Blocked","Unknown"
"ONEPLUS","ONEPLUS 2","OnePlus ONE A2003","","2015","QC SD 810","86928902","Device is Blocked","Blocked","Unknown"
"ONEPLUS","ONEPLUS 2","OnePlus ONE A2003 ONE A2005","","2015","QC SD 810","86729002","Device is Blocked","Blocked","Unknown"
"ONEPLUS","ONEPLUS 2","OnePlus ONE A2001","","2015","QC SD 810","86727102","Device is Blocked","Blocked","Unknown"
"ONEPLUS","ONEPLUS ONE","OnePlus A0001","","2014","QC SD 801","86768502","Device is NOT Blocked","TAC Not blocked","Unknown"
"ONEPLUS","ONEPLUS ONE","OnePlus A1001","","2014","QC SD 801","86580002","Device is Blocked","Blocked","Unknown"
"ONEPLUS","ONEPLUS ONE","OnePlus A0001","","2014","QC SD 801","86458702","Device is Blocked","Blocked","Unknown"
"ONEPLUS","ONEPLUS TECHNOLOGY (SHENZHEN)","OnePlus EB101","","","","01502200","Device is NOT Blocked","TAC Not blocked","Unknown"
"ONEPLUS","ONEPLUS TECHNOLOGY (SHENZHEN)","OnePlus EB101","","","","01502100","Device is NOT Blocked","TAC Not blocked","Unknown"
"ONEPLUS","ONEPLUS ACE 5","Oppo PKG110","China Model","","","86616307","Device is NOT Blocked","TAC Not blocked","Unknown"
"ONEPLUS","ONEPLUS ACE 5","Oppo PKG110","China Model","","","86373607","Device is NOT Blocked","TAC Not blocked","Unknown"
"ONEPLUS","ONEPLUS ACE 5","Oppo PKG110","China Model","","","86033907","Device is NOT Blocked","TAC Not blocked","Unknown"
"ONEPLUS","ONEPLUS 13","OnePlus CPH2655","","","","86649307","Device is NOT Blocked","TAC Not blocked","Unknown"
"ONEPLUS","1+ DN2100","OnePlus DN2100","","","","86748905","Device is NOT Blocked","TAC Not blocked","Unknown"
"ONEPLUS","1+ DN2100","OnePlus DN2100","","","","86572105","Device is NOT Blocked","TAC Not blocked","Unknown"
"ONEPLUS","1+ CR2000","OnePlus CR2000","","","","86189405","Device is NOT Blocked","TAC Not blocked","Unknown"
"ONEPLUS","1+ CR2000","OnePlus CR2000","","","","86148505","Device is NOT Blocked","TAC Not blocked","Unknown"
"ONEPLUS","1+ CPH2709","N/A","","","","86236507","Device is NOT Blocked","Not Found","Unknown"
"ONEPLUS","1+ CPH2709","OnePlus CPH2709","","","","86312407","Device is NOT Blocked","TAC Not blocked","Unknown"
"ONEPLUS","1+ CPH2707","OnePlus CPH2707","","","","86906607","Device is NOT Blocked","TAC Not blocked","Unknown"
"ONEPLUS","1+ CPH2707","OnePlus CPH2707","","","","86399507","Device is NOT Blocked","TAC Not blocked","Unknown"
"ONEPLUS","1+ CPH2675","OnePlus CPH2675","","","","86815607","Device is NOT Blocked","TAC Not blocked","Unknown"
"ONEPLUS","1+ CPH2675","OnePlus CPH2675","","","","86269907","Device is NOT Blocked","TAC Not blocked","Unknown"
"ONEPLUS","1+ CPH2673","OnePlus CPH2673","","","","86415507","Device is NOT Blocked","TAC Not blocked","Unknown"
"ONEPLUS","1+ CPH2673","OnePlus CPH2673","","","","86342907","Device is NOT Blocked","TAC Not blocked","Unknown"
"ONEPLUS","1+ CPH2673","OnePlus CPH2673","","","","86113607","Device is NOT Blocked","TAC Not blocked","Unknown"
"ONEPLUS","1+ CPH2589","OnePlus CPH2589","","","","86336507","Reduced Coverage","TAC Not blocked","Unknown"
"ONEPLUS","1+ CPH2587","OnePlus CPH2587","","","","86985407","Reduced Coverage","TAC Not blocked","Unknown"
"ONEPLUS","1+ CPH2587","OnePlus CPH2587","","","","86811307","Reduced Coverage","TAC Not blocked","Unknown"
"ONEPLUS","1+ CPH2587","OnePlus CPH2587","","","","86003707","Reduced Coverage","TAC Not blocked","Unknown"
"ONEPLUS","1+ CPH2587","OnePlus CPH2587","","","","86003307","Reduced Coverage","TAC Not blocked","Unknown"

